{"init_params": {"cat_dims": [3, 3, 3, 2, 418, 4, 3, 2, 6, 4, 6, 4, 3, 3, 3, 3, 2, 3, 55], "cat_emb_dim": [1, 1, 1, 1, 15, 2, 1, 1, 2, 2, 2, 2, 1, 1, 1, 1, 1, 1, 7], "cat_idxs": [0, 1, 2, 3, 4, 5, 6, 7, 8, 9, 10, 11, 12, 13, 14, 15, 16, 17, 18], "clip_value": 1, "device_name": "auto", "epsilon": 1e-15, "gamma": 1.65, "grouped_features": [], "input_dim": 19, "lambda_sparse": 0.001, "mask_type": "entmax", "momentum": 0.015, "n_a": 16, "n_d": 16, "n_indep_decoder": 1, "n_independent": 2, "n_shared": 2, "n_shared_decoder": 1, "n_steps": 7, "optimizer_params": {"lr": 0.002, "weight_decay": 0.003}, "output_dim": 2, "scheduler_params": {"step_size": 15, "gamma": 0.35}, "seed": 0, "verbose": 1}, "class_attrs": {"preds_mapper": {"0": 0, "1": 1}}}